{
  "Shaco": {
    "champName": "Shaco",
    "gamesPlayed": 141568,
    "rawWinrate": 8.425342432271602,
    "weightedWinrate": 36.462215917008706,
    "avgPlacement": 4.353778408299131,
    "meta": true,
    "pickRate": 12,
    "totalAppearances": 3,
    "asCarry": 1,
    "asCore": 1
  },
  "Braum": {
    "champName": "Braum",
    "gamesPlayed": 233844,
    "rawWinrate": 9.40310632075992,
    "weightedWinrate": 36.61323930716569,
    "avgPlacement": 4.338676069283432,
    "meta": true,
    "pickRate": 16,
    "totalAppearances": 4,
    "asCarry": 2,
    "asCore": 3
  },
  "Jarvan IV": {
    "champName": "Jarvan IV",
    "gamesPlayed": 508789,
    "rawWinrate": 12.191657687785245,
    "weightedWinrate": 34.956524820678794,
    "avgPlacement": 4.50434751793212,
    "meta": true,
    "pickRate": 32,
    "totalAppearances": 8,
    "asCarry": 2,
    "asCore": 5
  },
  "Dr. Mundo": {
    "champName": "Dr. Mundo",
    "gamesPlayed": 227918,
    "rawWinrate": 11.620569441193657,
    "weightedWinrate": 36.145691861325105,
    "avgPlacement": 4.385430813867489,
    "meta": true,
    "pickRate": 28.000000000000004,
    "totalAppearances": 7,
    "asCarry": 1,
    "asCore": 1
  },
  "Darius": {
    "champName": "Darius",
    "gamesPlayed": 176363,
    "rawWinrate": 9.286327049539608,
    "weightedWinrate": 35.955594867815726,
    "avgPlacement": 4.404440513218428,
    "meta": true,
    "pickRate": 20,
    "totalAppearances": 5,
    "asCarry": 0,
    "asCore": 2
  },
  "Vayne": {
    "champName": "Vayne",
    "gamesPlayed": 177299,
    "rawWinrate": 11.554851191393798,
    "weightedWinrate": 36.38524096091923,
    "avgPlacement": 4.361475903908077,
    "meta": true,
    "pickRate": 12,
    "totalAppearances": 3,
    "asCarry": 0,
    "asCore": 2
  },
  "Senna": {
    "champName": "Senna",
    "gamesPlayed": 228230,
    "rawWinrate": 11.884609308792623,
    "weightedWinrate": 35.88604125279364,
    "avgPlacement": 4.411395874720636,
    "meta": true,
    "pickRate": 20,
    "totalAppearances": 5,
    "asCarry": 3,
    "asCore": 2
  },
  "Zed": {
    "champName": "Zed",
    "gamesPlayed": 218618,
    "rawWinrate": 12.910166218851076,
    "weightedWinrate": 33.87258355938814,
    "avgPlacement": 4.612741644061186,
    "meta": true,
    "pickRate": 20,
    "totalAppearances": 5,
    "asCarry": 3,
    "asCore": 2
  },
  "Rhaast": {
    "champName": "Rhaast",
    "gamesPlayed": 460577,
    "rawWinrate": 11.062698362443117,
    "weightedWinrate": 35.88522370213934,
    "avgPlacement": 4.411477629786066,
    "meta": true,
    "pickRate": 32,
    "totalAppearances": 8,
    "asCarry": 0,
    "asCore": 4
  },
  "Twisted Fate": {
    "champName": "Twisted Fate",
    "gamesPlayed": 69726,
    "rawWinrate": 8.612903665907199,
    "weightedWinrate": 36.996602862327244,
    "avgPlacement": 4.300339713767276,
    "meta": true,
    "pickRate": 4,
    "totalAppearances": 1,
    "asCarry": 1,
    "asCore": 1
  },
  "Miss Fortune": {
    "champName": "Miss Fortune",
    "gamesPlayed": 212692,
    "rawWinrate": 14.463353031619079,
    "weightedWinrate": 38.818329240379974,
    "avgPlacement": 4.118167075962003,
    "meta": true,
    "pickRate": 16,
    "totalAppearances": 4,
    "asCarry": 3,
    "asCore": 3
  },
  "Draven": {
    "champName": "Draven",
    "gamesPlayed": 176114,
    "rawWinrate": 12.99016674535562,
    "weightedWinrate": 33.45554529548532,
    "avgPlacement": 4.654445470451467,
    "meta": true,
    "pickRate": 12,
    "totalAppearances": 3,
    "asCarry": 1,
    "asCore": 2
  },
  "Gragas": {
    "champName": "Gragas",
    "gamesPlayed": 428471,
    "rawWinrate": 13.944468924343317,
    "weightedWinrate": 36.615944053278774,
    "avgPlacement": 4.338405594672123,
    "meta": true,
    "pickRate": 40,
    "totalAppearances": 10,
    "asCarry": 1,
    "asCore": 5
  },
  "Ekko": {
    "champName": "Ekko",
    "gamesPlayed": 152343,
    "rawWinrate": 13.879776695702981,
    "weightedWinrate": 36.71865060112321,
    "avgPlacement": 4.328134939887679,
    "meta": true,
    "pickRate": 12,
    "totalAppearances": 3,
    "asCarry": 0,
    "asCore": 3
  },
  "Naafiri": {
    "champName": "Naafiri",
    "gamesPlayed": 314696,
    "rawWinrate": 10.988235529667282,
    "weightedWinrate": 36.65678063638843,
    "avgPlacement": 4.334321936361157,
    "meta": true,
    "pickRate": 12,
    "totalAppearances": 3,
    "asCarry": 0,
    "asCore": 1
  },
  "Yuumi": {
    "champName": "Yuumi",
    "gamesPlayed": 179895,
    "rawWinrate": 13.663379887645407,
    "weightedWinrate": 36.81270287860186,
    "avgPlacement": 4.318729712139814,
    "meta": true,
    "pickRate": 8,
    "totalAppearances": 2,
    "asCarry": 1,
    "asCore": 2
  },
  "Annie": {
    "champName": "Annie",
    "gamesPlayed": 122247,
    "rawWinrate": 14.367267421116903,
    "weightedWinrate": 34.43908931883917,
    "avgPlacement": 4.556091068116082,
    "meta": true,
    "pickRate": 8,
    "totalAppearances": 2,
    "asCarry": 2,
    "asCore": 2
  },
  "Neeko": {
    "champName": "Neeko",
    "gamesPlayed": 190480,
    "rawWinrate": 13.862564684090556,
    "weightedWinrate": 36.914706594061116,
    "avgPlacement": 4.308529340593888,
    "meta": true,
    "pickRate": 16,
    "totalAppearances": 4,
    "asCarry": 3,
    "asCore": 3
  },
  "NidaleeCougar": {
    "champName": "NidaleeCougar",
    "gamesPlayed": 124543,
    "rawWinrate": 12.452729108587071,
    "weightedWinrate": 36.13855781622891,
    "avgPlacement": 4.386144218377108,
    "meta": true,
    "pickRate": 8,
    "totalAppearances": 2,
    "asCarry": 0,
    "asCore": 1
  },
  "Ziggs": {
    "champName": "Ziggs",
    "gamesPlayed": 196018,
    "rawWinrate": 13.404971900180614,
    "weightedWinrate": 36.49827693362121,
    "avgPlacement": 4.350172306637878,
    "meta": true,
    "pickRate": 16,
    "totalAppearances": 4,
    "asCarry": 1,
    "asCore": 1
  },
  "Samira": {
    "champName": "Samira",
    "gamesPlayed": 147271,
    "rawWinrate": 14.128330535699407,
    "weightedWinrate": 36.8876799927627,
    "avgPlacement": 4.31123200072373,
    "meta": true,
    "pickRate": 8,
    "totalAppearances": 2,
    "asCarry": 1,
    "asCore": 0
  },
  "Sylas": {
    "champName": "Sylas",
    "gamesPlayed": 266429,
    "rawWinrate": 10.808616469644319,
    "weightedWinrate": 36.614159785562634,
    "avgPlacement": 4.338584021443737,
    "meta": true,
    "pickRate": 12,
    "totalAppearances": 3,
    "asCarry": 0,
    "asCore": 2
  },
  "Illaoi": {
    "champName": "Illaoi",
    "gamesPlayed": 116067,
    "rawWinrate": 12.728130482175592,
    "weightedWinrate": 35.78070243583551,
    "avgPlacement": 4.421929756416449,
    "meta": true,
    "pickRate": 8,
    "totalAppearances": 2,
    "asCarry": 0,
    "asCore": 1
  },
  "Leona": {
    "champName": "Leona",
    "gamesPlayed": 266429,
    "rawWinrate": 10.808616469644319,
    "weightedWinrate": 36.614159785562634,
    "avgPlacement": 4.338584021443737,
    "meta": true,
    "pickRate": 12,
    "totalAppearances": 3,
    "asCarry": 2,
    "asCore": 2
  },
  "Xayah": {
    "champName": "Xayah",
    "gamesPlayed": 195922,
    "rawWinrate": 12.23629015820748,
    "weightedWinrate": 36.514517403016505,
    "avgPlacement": 4.348548259698349,
    "meta": true,
    "pickRate": 8,
    "totalAppearances": 2,
    "asCarry": 2,
    "asCore": 2
  },
  "Jhin": {
    "champName": "Jhin",
    "gamesPlayed": 371135,
    "rawWinrate": 11.138973188909198,
    "weightedWinrate": 36.44251278005222,
    "avgPlacement": 4.355748721994779,
    "meta": true,
    "pickRate": 16,
    "totalAppearances": 4,
    "asCarry": 0,
    "asCore": 1
  },
  "Aurora": {
    "champName": "Aurora",
    "gamesPlayed": 198318,
    "rawWinrate": 17.057300121568847,
    "weightedWinrate": 39.32240003356101,
    "avgPlacement": 4.0677599966438995,
    "meta": true,
    "pickRate": 12,
    "totalAppearances": 3,
    "asCarry": 3,
    "asCore": 0
  },
  "Jax": {
    "champName": "Jax",
    "gamesPlayed": 243488,
    "rawWinrate": 9.595907940071735,